slug,h1,primary_keyword,secondary_keywords,intent,services,region,why_it_is_distinct
concrete-driveway-cracks-florida,Why Is My Concrete Driveway Cracking? Which Cracks Are Normal in Florida,why is my concrete driveway cracking,are cracks in new concrete normal;hairline cracks driveway;control joint cracks;driveway crack size worry,informational,"concrete-repair,concrete-driveways",both,Diagnostic (what the crack means); /concrete-repair/ sells the fix and /compare/resurface-vs-replace-concrete/ decides the remedy
tree-roots-under-driveway-florida,Tree Roots Under Your Driveway or Sidewalk: What Florida Homeowners Can Do,tree roots under driveway,live oak roots concrete;root barrier driveway;roots lifting sidewalk;cut roots under slab,informational,"concrete-repair,concrete-walkways,paver-sealing",both,Single cause (roots) with root-barrier remedy; crack post covers all causes briefly and links here
why-pavers-sink-in-florida,"Why Do Pavers Sink in Florida, and How Is It Fixed?",why are my pavers sinking,sinking pavers florida;pavers settling;sandy soil pavers;paver driveway low spots;pavers near pool sinking,informational,"paver-sealing,paver-driveways,pool-deck-pavers",both,"Explains causes (sandy soil, water table, washout); /paver-sealing/ is the commercial re-leveling page"
efflorescence-on-pavers-and-concrete,What Is the White Haze on New Pavers and Concrete (Efflorescence)?,white residue on pavers,efflorescence pavers;white stains concrete;efflorescence remover;when to seal after efflorescence,informational,"paver-sealing,concrete-patios",both,Mineral bloom from inside the material; distinct from cloudy sealer (FAQ on /paver-sealing/) and mold (separate post)
mold-and-algae-on-pavers-florida,How to Stop Black Mold and Green Algae on Florida Pavers and Concrete,black mold on pavers,algae on pool deck;green pavers shade;mildew concrete florida;how to prevent mold on pavers,informational,"paver-sealing,concrete-pool-decks",both,Organic growth from humidity/shade; cleaning how-to is a separate post
ants-and-weeds-in-paver-joints,Ants and Weeds Between Pavers: Why It Happens in Florida and What Actually Works,ants in pavers,weeds between pavers;fire ants pavers;sand coming out of pavers;paver joint sand loss,informational,"paver-sealing,paver-patios",both,Pest/joint-loss problem; the sand product choice itself is the /compare/polymeric-sand-vs-joint-sand/ page
rust-and-irrigation-stains-on-concrete-pavers,Orange Rust Stains From Sprinklers: Removing and Preventing Well-Water Stains on Concrete and Pavers,rust stains from sprinklers on concrete,well water stains driveway;irrigation rust stains pavers;reclaimed water stains;rust remover concrete,informational,"concrete-repair,paver-sealing",both,Florida well/reclaimed irrigation stains only; general cleaning is another post
oil-and-tire-stains-on-driveways,Oil Drips and Tire Marks on Driveways: Concrete vs Sealed Pavers,tire marks on sealed pavers,hot tire pickup;oil stain concrete driveway;remove oil from pavers;driveway stains,informational,"paver-sealing,concrete-driveways",both,Vehicle-caused stains incl. hot-tire pickup on sealed pavers; distinct from rust and mold posts
pouring-concrete-in-florida-rainy-season,Can You Pour Concrete in the Rain? Florida Rainy-Season Scheduling Explained,can you pour concrete in the rain,pouring concrete summer florida;rain after pouring concrete;afternoon storms concrete;concrete rained on,informational,"concrete-driveways,concrete-patios,concrete-slabs",both,Weather/scheduling risk (June-Sept storms); curing chemistry is the next post
concrete-curing-in-florida-heat,How Concrete Cures in Florida Heat and Humidity,concrete curing florida heat,hot weather concrete;how long does concrete take to cure;curing compound;wet curing concrete,informational,"concrete-driveways,concrete-patios,concrete-slabs",both,Cure process and care for the owner; 'how long before I drive' is a short FAQ on /concrete-driveways/
pavers-and-concrete-in-hurricanes,"How Pavers, Concrete and Pool Decks Hold Up to Florida Hurricanes and Flooding",pavers hurricane damage,storm surge pavers;flooded pavers;hurricane prep pool deck;concrete after flood,informational,"paver-driveways,paver-patios,pool-deck-pavers,concrete-driveways",both,Storm-event resilience and post-storm checks; everyday drainage is the permeable-pavers post
permeable-pavers-and-drainage-florida,Permeable Pavers and Yard Drainage in Florida: When They Make Sense,permeable pavers florida,do pavers help with flooding;driveway drainage florida;standing water patio;impervious surface limits,informational,"paver-driveways,paver-patios",both,Everyday stormwater/impervious-coverage topic; storm damage is the hurricanes post
how-hot-do-pool-decks-get-florida,How Hot Do Pool Decks Get in Florida? The Coolest Surfaces Compared by Feel,coolest pool deck surface,hot pool deck feet;travertine cool to touch;cool deck temperature;light color pavers heat,informational,"pool-deck-pavers,concrete-pool-decks",both,"Heat as the single criterion across all surfaces; /compare/ pages weigh cost, upkeep and look together"
slippery-pool-deck-fixes,How to Make a Slippery Pool Deck Safer,non slip pool deck coating,slippery pool deck;anti slip sealer additive;slippery stamped concrete fix;pool deck traction,informational,"concrete-pool-decks,stamped-concrete,paver-sealing",both,Remedies for existing slick decks; stamped FAQ only answers 'is it slippery'
saltwater-pools-and-coastal-salt-air-hardscape,"Saltwater Pools and Salt Air: Protecting Concrete, Pavers and Travertine on the Coast",saltwater pool travertine damage,salt damage pool deck;spalling travertine;salt air pavers;coastal concrete sealer,informational,"pool-deck-pavers,concrete-pool-decks,paver-sealing",sarasota,"Salt-specific deterioration (Longboat Key, Siesta Key, AMI); routine travertine care is separate"
sinkholes-and-settlement-central-florida,Sinkholes vs Normal Settlement: What a Sunken Slab in Central Florida Really Means,sinkhole or settlement under concrete,sinkhole signs driveway;slab settling florida;depression in yard concrete;sinkhole insurance concrete,informational,"concrete-repair,concrete-slabs",orlando,"Central FL karst concern; paver sinking post covers base washout, not karst"
artificial-turf-heat-in-florida,"How Hot Does Artificial Turf Get in Florida, and How Do You Keep It Cooler?",how hot does artificial turf get,turf too hot for dogs;cooling infill;turf temperature summer;turf shade,informational,artificial-turf,both,"Heat only; pet-specific concerns (odor, drainage) in the dogs post"
artificial-turf-for-dogs-florida,"Artificial Turf for Dogs in Florida: Odor, Drainage and Infill",artificial turf for dogs odor,pet turf florida;dog urine smell turf;best infill for dogs;dog run turf,informational,artificial-turf,both,Pet-owner buyer guide; the service page only lists pet turf as an option
artificial-turf-in-florida-rain-and-storms,"Does Artificial Turf Hold Up to Florida Rain, Flooding and Hurricanes?",artificial turf flooding,turf drainage heavy rain;turf after hurricane;standing water artificial grass;turf seams lifting,informational,artificial-turf,both,Turf-specific weather resilience; hardscape storm post excludes turf
orange-county-orlando-driveway-patio-permits,"Do You Need a Permit for a Driveway, Patio or Pavers in Orlando and Orange County?",do i need a permit for pavers in orange county fl,city of orlando engineering permit driveway;orange county fast track permit;winter garden permit pavers;ocoee driveway permit,informational,"concrete-driveways,paver-driveways,paver-patios,concrete-patios",orlando,Orange County + its cities only; each county has its own post
osceola-county-kissimmee-st-cloud-permits,"Driveway and Patio Permits in Kissimmee, St. Cloud and Osceola County",osceola county driveway permit,kissimmee permit pavers;st cloud permit concrete;celebration hoa pavers;poinciana permit,informational,"concrete-driveways,paver-driveways,paver-patios",orlando,Osceola jurisdictions (city vs unincorporated)
seminole-county-driveway-patio-permits,"Driveway and Patio Permits in Seminole County (Sanford, Lake Mary, Oviedo, Winter Springs)",seminole county driveway permit,sanford driveway permit;oviedo pavers permit;lake mary concrete permit;altamonte springs permit,informational,"concrete-driveways,paver-driveways",orlando,Seminole jurisdictions only
lake-and-polk-county-driveway-permits,"Driveway and Patio Permits in Clermont, Minneola, Groveland and Davenport (Lake and Polk Counties)",lake county fl driveway permit,clermont permit pavers;minneola permit;davenport driveway permit;polk county concrete permit,informational,"concrete-driveways,paver-driveways,retaining-walls",orlando,Lake + Polk jurisdictions only
sarasota-county-driveway-patio-permits,"Driveway and Patio Permits in Sarasota, Venice and North Port",sarasota county driveway permit,city of sarasota right of way permit;venice fl driveway permit;north port driveway permit;sarasota pavers permit,informational,"concrete-driveways,paver-driveways,paver-patios",sarasota,Sarasota County jurisdictions only
manatee-county-driveway-permits,"Driveway and Patio Permits in Bradenton, Lakewood Ranch, Parrish and Palmetto (Manatee County)",manatee county driveway permit,bradenton driveway permit;manatee paver driveway inspection;palmetto permit;parrish driveway permit,informational,"concrete-driveways,paver-driveways",sarasota,Manatee jurisdictions; LWR HOA/ARC approval is its own post
hoa-approval-for-pavers-and-concrete,"How to Get HOA Approval for New Pavers, a Driveway or a Pool Deck in Florida",hoa approval for pavers,arc application pavers;hoa driveway color rules;hoa denied driveway extension;architectural review florida,informational,"paver-driveways,concrete-driveways,pool-deck-pavers",both,Generic HOA/ARC process statewide; LWR has its own district-based post
lakewood-ranch-arc-approval-hardscape,"Lakewood Ranch ARC Approval for Driveways, Pavers and Pool Decks",lakewood ranch arc approval,lakewood ranch modification request;lwr driveway extension rules;lakewood ranch pavers color;lwr district arc,informational,"paver-driveways,concrete-driveways,pool-deck-pavers",sarasota,Only Lakewood Ranch districts; general HOA post links here
florida-hoa-artificial-turf-law,Can Your Florida HOA Ban Artificial Turf? What Statute 720.3045 and the 2025 Law Change Say,is artificial turf allowed by hoa in florida,720.3045 artificial turf;hb 683 synthetic turf;hoa artificial grass front yard;city turf ordinance florida,informational,artificial-turf,both,Turf law only; general HOA approval post covers hardscape
driveway-apron-and-right-of-way-florida,Who Owns the Driveway Apron? Right-of-Way Rules for Florida Driveways,driveway apron replacement,right of way permit driveway;apron between sidewalk and street;sidewalk across driveway;apron pavers allowed,informational,"concrete-driveways,paver-driveways,concrete-walkways",both,Ownership/permits of the apron strip; county permit posts link here for the ROW detail
driveway-widening-and-extensions-florida,"Widening or Extending a Driveway in Florida: Rules, Options and Pitfalls",driveway extension concrete,widen driveway pavers;driveway extension hoa;max driveway width florida;parking pad next to driveway,informational,"concrete-driveways,paver-driveways",both,"Extensions specifically (match, width limits, joints); not a full replacement"
how-to-clean-pavers-without-damage,How to Clean Pavers Without Ruining the Joints or Sealer,how to clean pavers,pressure washing pavers psi;surface cleaner pavers;cleaning before sealing;paver cleaner,informational,paver-sealing,both,DIY cleaning method; /paver-sealing/ is the paid service
stamped-concrete-maintenance-florida,"Stamped Concrete Maintenance in Florida: Resealing, Fading and Flaking",stamped concrete problems,resealing stamped concrete;faded stamped concrete;stamped concrete flaking;stamped concrete sealer,informational,stamped-concrete,both,Owner upkeep; /stamped-concrete/ sells new installs
travertine-pool-deck-care,"Travertine Pool Deck Care in Florida: Cleaning, Sealing and Filling Holes",travertine pool deck care,sealing travertine pavers;travertine holes filling;cleaning travertine;travertine mold,informational,"pool-deck-pavers,paver-sealing",both,Routine care; salt damage is the coastal post
how-to-clean-artificial-turf,How to Clean and Maintain Artificial Turf in Florida,how to clean artificial turf,brush artificial grass;turf deodorizer;leaves on turf;turf maintenance schedule,informational,artificial-turf,both,Maintenance; odor root cause for dogs is in the pet post
should-you-seal-a-concrete-driveway-florida,Should You Seal a Concrete Driveway in Florida?,should i seal my concrete driveway,concrete driveway sealer florida;penetrating vs film sealer;when to seal new concrete;sealing broom finish,informational,"concrete-driveways,concrete-repair",both,Concrete sealing (not pavers); paver sealing is a service page
paver-driveway-ideas-florida,"Paver Driveway Ideas for Florida Homes (Patterns, Borders and Colors)",paver driveway ideas,herringbone driveway;paver driveway colors;paver borders concrete driveway;circular driveway pavers,informational,paver-driveways,both,Inspiration/design; service page is commercial
concrete-driveway-ideas-florida,Concrete Driveway Ideas Beyond Plain Gray,concrete driveway ideas,concrete driveway with paver border;exposed aggregate driveway;driveway ribbons;colored concrete driveway,informational,"concrete-driveways,stamped-concrete",both,Concrete-only design ideas; paver ideas separate; finish trade-offs live in /compare/concrete-driveway-finishes/
paver-patio-ideas-florida,Paver Patio Ideas for Florida Backyards and Lanais,paver patio ideas,lanai pavers ideas;small paver patio;paver patio shapes;paver patio with pergola,informational,paver-patios,both,Inspiration only
concrete-patio-ideas-florida,Concrete Patio Ideas for Florida Homes,concrete patio ideas,concrete patio extension ideas;stained concrete patio;salt finish patio;patio slab shapes,informational,"concrete-patios,stamped-concrete",both,Concrete patio design; paver patio ideas separate
pool-deck-ideas-florida,Pool Deck Ideas for Florida Homes,pool deck ideas florida,travertine pool deck ideas;pool deck colors;pool deck with turf strips;sun shelf deck,informational,"pool-deck-pavers,concrete-pool-decks",both,Design across all deck materials; heat-only post is separate
stamped-concrete-patterns-and-colors,Stamped Concrete Patterns and Colors That Work in Florida,stamped concrete patterns,ashlar slate stamp;wood plank stamped concrete;stamped concrete colors;stone look concrete,informational,stamped-concrete,both,Pattern/colour gallery; maintenance and cost are separate pages
front-walkway-ideas-curb-appeal,Front Walkway Ideas That Boost Curb Appeal,front walkway ideas,paver walkway ideas;curved walkway;stepping stones turf;entry walkway width,informational,"concrete-walkways,paver-patios",both,Walkway design across materials
extend-patio-under-screen-enclosure,Extending a Patio Under (or Beyond) a Pool Screen Enclosure,how to extend a pool cage patio,extend lanai florida;pavers under screen enclosure;screen enclosure footer;lanai extension slab,informational,"paver-patios,concrete-patios,pool-deck-pavers",both,Florida screen-enclosure coordination; ideas posts don't cover footers/permits
fire-pit-on-pavers-florida,Fire Pits on Pavers: Safe Setups for Florida Backyards,paver patio with fire pit,fire pit pad pavers;gas fire pit patio;fire pit seating wall;fire pit hoa rules,informational,"paver-patios,retaining-walls",both,Single feature with safety focus
backyard-putting-green-florida,Planning a Backyard Putting Green in Florida,backyard putting green,putting green turf florida;putting green size;putting green design;putting green maintenance,informational,artificial-turf,both,Design/planning; price lives on /artificial-turf-cost/
side-yard-ideas-florida,"Side Yard Ideas for Florida Homes: Turf, Pavers or Gravel",side yard ideas florida,narrow side yard;side yard drainage;side yard pavers;turf side yard,informational,"artificial-turf,paver-patios",both,Narrow-space problem; whole-yard plan is the low-maintenance post
low-maintenance-backyard-florida,"A Low-Maintenance Backyard Plan for Florida (Turf, Pavers and Concrete)",low maintenance backyard florida,no mow backyard;turf and pavers backyard;backyard makeover florida;xeriscape pavers,informational,"artificial-turf,paver-patios,concrete-patios",both,Whole-yard planning; side yard post is a sub-case
retaining-wall-ideas-florida-yards,Retaining Wall and Seat Wall Ideas for Florida Yards,retaining wall ideas,seat wall patio;raised garden bed wall;sloped yard clermont;wall block colors,informational,retaining-walls,both,Design; cost and service pages separate
concrete-pad-for-rv-or-boat-parking,"Adding an RV or Boat Parking Pad in Florida: Size, Thickness and Rules",rv pad concrete,boat parking pad;rv pad hoa;rv pad size;gravel vs concrete rv pad,informational,"concrete-slabs,paver-driveways",both,Specific use case with HOA/ROW rules; /concrete-slabs/ sells generic pads
shed-slab-guide-florida,"Shed Slabs in Florida: Thickness, Tie-Downs and Permits",how thick should a shed slab be,shed foundation florida;shed anchors hurricane;shed permit florida;shed pad size,informational,concrete-slabs,both,Shed-only guide with wind tie-down; slab cost page owns price
concrete-driveway-installation-process,"How a Concrete Driveway Is Installed, Step by Step",concrete driveway installation process,driveway tear out;driveway forming;driveway pour day;how long does driveway replacement take,informational,concrete-driveways,both,Process narrative; service page is the offer
paver-installation-process-florida,"How Pavers Are Installed in Florida: Base, Bedding Sand and Compaction",how are pavers installed,paver base depth florida;crushed concrete base;paver bedding sand;paver compaction,informational,"paver-driveways,paver-patios,pool-deck-pavers",both,Construction spec; sinking post covers failure
artificial-turf-installation-process,How Artificial Turf Is Installed in Florida,how is artificial turf installed,turf base material;turf seams;turf nails;turf weed barrier,informational,artificial-turf,both,Process; service page is the offer
pavers-over-existing-concrete,"Can You Put Pavers Over Existing Concrete? Driveways, Patios and Pool Decks",pavers over existing concrete driveway,paver overlay;thin pavers over concrete;pavers over pool deck height;mortar set pavers,informational,"pool-deck-pavers,paver-patios,paver-driveways",both,Technique feasibility; /pool-deck-pavers/ FAQ only addresses coping height
prepare-your-yard-for-hardscape-installation,"How to Prepare Your Home for a Concrete, Paver or Turf Installation",prepare for paver installation,sprinkler heads before pavers;pets during concrete pour;access for concrete truck;what to expect install day,informational,"concrete-driveways,paver-patios,artificial-turf",both,Homeowner prep checklist; process posts describe crew work
best-time-of-year-for-hardscape-projects-florida,"When Is the Best Time of Year to Install Pavers, Concrete or Turf in Florida?",best time to install pavers florida,dry season concrete florida;winter hardscape florida;booking contractor season;turf install summer,informational,"concrete-driveways,paver-patios,artificial-turf",both,Seasonality/booking; rainy-season post is the technical pour risk
how-to-choose-a-concrete-contractor-orlando,How to Choose a Concrete Contractor in Orlando: 10 Criteria to Check,how to choose a concrete contractor,best concrete contractor orlando;concrete contractor reviews orlando;questions to ask concrete contractor;orange county contractor license,commercial-investigation,"concrete-driveways,concrete-patios,concrete-slabs",orlando,Criteria list for Central FL concrete; paver and Sarasota versions are separate
how-to-choose-a-concrete-contractor-sarasota,How to Choose a Concrete Contractor in Sarasota and Bradenton,best concrete contractor sarasota,concrete contractor lakewood ranch reviews;sarasota contractor license;bradenton concrete company;venice concrete contractor,commercial-investigation,"concrete-driveways,concrete-patios,concrete-slabs",sarasota,"Suncoast concrete criteria (coastal, ARC, county licensing)"
how-to-choose-a-paver-contractor-orlando,How to Choose a Paver Contractor in Orlando,best paver company orlando,paver installer reviews orlando;paver warranty;icpi certified installer;paver contractor questions,commercial-investigation,"paver-driveways,paver-patios,pool-deck-pavers",orlando,"Paver-specific criteria (base spec, ICPI) for Central FL"
how-to-choose-a-paver-contractor-sarasota,How to Choose a Paver Contractor in Sarasota and Lakewood Ranch,best paver installer sarasota,travertine installer sarasota;paver company bradenton;paver contractor lakewood ranch;pool deck pavers contractor,commercial-investigation,"paver-driveways,paver-patios,pool-deck-pavers",sarasota,"Paver criteria for Suncoast (travertine, salt pools)"
how-to-choose-an-artificial-turf-installer,How to Choose an Artificial Turf Installer in Florida,best artificial turf installer,turf company reviews;turf warranty;turf brands;questions to ask turf installer,commercial-investigation,artificial-turf,both,Turf criteria; hardscape hiring posts excluded
florida-contractor-license-check-concrete-pavers,Does a Concrete or Paver Contractor Need a License in Florida? How to Check,does a concrete contractor need a license in florida,myfloridalicense lookup;county certificate of competency;contractor insurance check;unlicensed contractor florida,informational,"concrete-driveways,paver-driveways",both,License/insurance verification mechanics; hiring posts link here
concrete-and-paver-warranty-what-it-should-cover,What a Concrete or Paver Warranty Should (and Shouldn't) Cover,concrete driveway warranty,paver installation warranty;manufacturer paver warranty;concrete crack warranty;workmanship warranty,informational,"concrete-driveways,paver-driveways,paver-patios",both,Warranty terms only
how-to-compare-concrete-and-paver-quotes,How to Compare Concrete and Paver Quotes Line by Line,how to compare contractor quotes,concrete estimate line items;paver quote base thickness;why quotes differ;cheap paver quote red flags,commercial-investigation,"concrete-driveways,paver-driveways,paver-patios",both,"Reading quotes; cost pages give price ranges, this explains scope differences"
does-a-new-driveway-add-home-value,"Does a New Driveway, Patio or Pool Deck Add Home Value in Florida?",do pavers add value to a home,driveway roi;curb appeal value;pool deck resale;turf resale value,informational,"paver-driveways,concrete-driveways,pool-deck-pavers",both,ROI/resale intent; cost pages are price only
how-to-budget-a-backyard-hardscape-project-in-phases,How to Budget a Backyard Hardscape Project in Phases,backyard hardscape budget,phase patio project;plan pavers now turf later;budget backyard makeover;what to build first,commercial-investigation,"paver-patios,artificial-turf,retaining-walls",both,Sequencing a multi-service project; no single cost page covers combinations
artificial-turf-water-savings-florida,How Much Water and Money Does Artificial Turf Save in Florida?,artificial turf water savings,watering restrictions florida;turf water bill;turf rebate florida;turf payback period,informational,artificial-turf,both,ROI/water angle; /artificial-turf-cost/ is install price
best-pavers-for-florida,"What Are the Best Pavers for Florida Homes? Concrete, Clay, Travertine, Porcelain and Shellstone",best pavers for florida,paver materials florida;paver brands florida;best pavers for pool deck;pavers that stay cool,informational,"paver-driveways,paver-patios,pool-deck-pavers",both,Five-material buyer guide; /compare/ pages are strict head-to-heads
