slug,url,h1,primary_keyword,why_distinct
pavers-vs-concrete-driveway,/compare/pavers-vs-concrete-driveway/,"Pavers vs Concrete Driveway in Florida: Cost, Lifespan and Upkeep",pavers vs concrete driveway,Driveway-only head-to-head (plain + decorative concrete vs pavers); stamped-vs-pavers page is patio/outdoor-living framed
stamped-concrete-vs-pavers,/compare/stamped-concrete-vs-pavers/,Stamped Concrete vs Pavers for Patios and Outdoor Living,stamped concrete vs pavers,Decorative patio/lanai decision; driveway and pool deck have their own comparisons
pavers-vs-concrete-pool-deck,/compare/pavers-vs-concrete-pool-deck/,Pavers vs Concrete for a Florida Pool Deck,pavers vs concrete pool deck,Pool deck surface choice between paver family and poured concrete family
cool-deck-vs-pavers-vs-travertine,/compare/cool-deck-vs-pavers-vs-travertine/,Cool Deck vs Pavers vs Travertine: Resurface or Replace Your Pool Deck?,cool deck vs pavers,Specific to owners with an existing Kool Deck/spray deck choosing refresh vs upgrade
travertine-vs-concrete-pavers,/compare/travertine-vs-concrete-pavers/,Travertine vs Concrete Pavers,travertine vs pavers,Material head-to-head inside the paver family (pool decks and patios)
porcelain-vs-travertine-pavers,/compare/porcelain-vs-travertine-pavers/,Porcelain vs Travertine Pavers in Florida,porcelain pavers vs travertine,Premium-material head-to-head
clay-brick-vs-concrete-pavers,/compare/clay-brick-vs-concrete-pavers/,Clay Brick (Chicago Brick) vs Concrete Pavers,clay brick pavers vs concrete pavers,"Brick heritage look (Winter Park, downtown Sarasota) vs manufactured concrete units"
concrete-driveway-finishes,/compare/concrete-driveway-finishes/,Broom Finish vs Exposed Aggregate vs Stamped: Concrete Driveway Finishes Compared,exposed aggregate vs broom finish,Finish choice within concrete; pavers excluded
resurface-vs-replace-concrete,/compare/resurface-vs-replace-concrete/,Resurface or Replace a Concrete Driveway?,resurface or replace concrete driveway,Repair-path decision; cost numbers link to /concrete-repair-cost/ and /concrete-driveway-cost/
polymeric-sand-vs-joint-sand,/compare/polymeric-sand-vs-joint-sand/,Polymeric Sand vs Regular Joint Sand for Florida Pavers,polymeric sand vs regular sand,Joint material only
wet-look-vs-natural-paver-sealer,/compare/wet-look-vs-natural-paver-sealer/,Wet-Look vs Natural-Finish Paver Sealer,wet look vs natural paver sealer,Sealer finish only; service page sells sealing
artificial-turf-vs-sod,/compare/artificial-turf-vs-sod/,Artificial Turf vs Sod in Florida,artificial turf vs sod,Only turf comparison; cites UF/IFAS on heat and runoff for balance
