url,primary_keyword,owned_keyword_cluster,question_ids_answered,supports_service_pages,content_notes
/concrete-driveway-cost/,concrete driveway cost,concrete driveway cost; how much does a concrete driveway cost; concrete driveway cost per square foot; concrete driveway cost per square foot florida; cost to replace concrete driveway; 2 car concrete driveway cost; concrete driveway cost orlando; concrete driveway cost sarasota,Q114 Q115 Q116,concrete-driveways,"Broom ~$6-$10/sf, stamped ~$12-$18/sf, replacement adds demo ~$2-$4/sf (FL cost guides; validate with own bids). Sections: size table (1-, 2-, 3-car), Orlando vs Sarasota table, demo/permit/apron line items"
/concrete-patio-cost/,concrete patio cost,concrete patio cost; concrete patio cost per square foot; cost to extend a concrete patio florida,Q117 Q118,concrete-patios,"Size table (10x10..20x20), lanai extension, finishes; price-only vs pavers answer"
/stamped-concrete-cost/,stamped concrete cost,stamped concrete cost; stamped concrete cost per square foot; stamped concrete patio cost,Q119 Q120,stamped-concrete,"FL sources ~$10-$18/sf new (SWFL higher), stamped overlay ~$8-$15/sf; patio/driveway/pool-deck rows"
/pool-deck-cost/,pool deck cost,pool deck resurfacing cost; pool deck cost; travertine pool deck cost; pool deck pavers cost; travertine pavers cost,Q121 Q122 Q123,"concrete-pool-decks,pool-deck-pavers","One page for ALL pool deck surfaces: Kool Deck/spray (~$3-$10/sf resurfacing), concrete pavers (~$12-$20), travertine (~$18-$30), paver overlay; coping line item"
/concrete-slab-cost/,concrete slab cost,concrete slab cost; concrete slab cost per square foot; 12x12 concrete slab cost,Q124 Q125,concrete-slabs,"Size table 10x10, 12x12, 12x16, 20x20, 24x24; ready-mix per yard; FL shed slab 12x12 cited ~$700-$1,700"
/concrete-walkway-cost/,concrete sidewalk cost,concrete sidewalk cost; concrete walkway cost per square foot,Q126,concrete-walkways,"Per sf and per linear ft (3, 4, 5 ft widths); demo of old walk"
/concrete-repair-cost/,concrete driveway repair cost,concrete driveway repair cost; concrete resurfacing cost,Q127 Q128,concrete-repair,"Crack sealing, section replacement, resurfacing (~$5-$10/sf Orlando per Angi), leveling if offered. Pool deck resurfacing price NOT here (lives on /pool-deck-cost/)"
/paver-driveway-cost/,paver driveway cost,paver driveway cost; paver driveway cost per square foot; paver driveway cost florida,Q129 Q130,paver-driveways,"Concrete pavers ~$12-$18/sf, clay/brick, travertine; 80 mm units; demo of old concrete"
/paver-patio-cost/,paver patio cost,paver patio cost; paver patio cost per square foot; cost of pavers installed; paver walkway cost,Q131 Q132,paver-patios,Owns generic 'cost of pavers installed' and paver walkway cost; size table; Orlando vs Sarasota
/paver-sealing-cost/,paver sealing cost,paver sealing cost; paver sealing cost per square foot,Q133 Q134,paver-sealing,"~$0.75-$1.50/sf basic, more with re-sanding/wet-look/stripping; re-leveling priced per sf or per area"
/retaining-wall-cost/,retaining wall cost,retaining wall cost; retaining wall cost per linear foot,Q135,retaining-walls,Per linear ft by height; seat walls; drainage; engineered wall caveat
/artificial-turf-cost/,artificial turf cost,artificial turf cost; artificial turf cost per square foot; artificial turf cost florida; putting green cost,Q136 Q137 Q138,artificial-turf,"~$10-$16/sf installed FL; pet turf, putting green (~$18-$30+/sf cited), rebates caveat"
