route,kind,inlinks_from_main,outlinks
/,home,23,24
/404/,plain,0,23
/about/,about,0,24
/accessibility/,page,0,23
/blog/,index,1,23
/compare/,index,0,23
/concrete-driveways/,service,6,23
/concrete-patios/,service,4,23
/concrete-pool-decks/,service,5,23
/concrete-repair/,service,2,23
/concrete-slabs/,service,2,23
/concrete-walkways/,service,1,23
/contact/,contact,8,23
/cost/,price,3,23
/paver-driveways/,service,3,23
/paver-patios/,service,7,23
/paver-sealing/,service,4,23
/permits/,permit,6,23
/pool-deck-pavers/,service,4,23
/privacy/,page,15,23
/process/,page,2,23
/retaining-walls/,service,2,23
/service-areas/,index,2,23
/stamped-concrete/,service,3,23
/terms/,page,0,23
/thank-you/,plain,0,23
