keyword,intent,demand_estimate,cluster,owner_page,notes
concrete contractor near me,local,High,generic-concrete,/,Near-me head; won by GBP + homepage; city hubs catch the geo-resolved version
concrete contractors near me,local,High,generic-concrete,/,"plural variant of the row above, same page"
concrete company near me,local,High,generic-concrete,/,variant; same owner
paver installers near me,local,High,generic-pavers,/,Homepage targets concrete+pavers jointly; do NOT let /paver-patios/ title chase 'near me'
paver contractors near me,local,High,generic-pavers,/,variant of paver installers near me
hardscape contractor near me,local,Medium,generic-hardscape,/,hardscape = pavers+walls+pool decks; homepage H2
concrete and pavers company,commercial,Low,generic-hardscape,/,brand-descriptive; matches site name Opera Concrete & Pavers
residential concrete contractor,commercial,Medium,generic-concrete,/,use 'residential' in homepage title/description
decorative concrete contractor,commercial,Low,generic-concrete,/stamped-concrete/,decorative = stamped/exposed aggregate; stamped page owns it
concrete contractor central florida,local,Medium,region-orlando,/orlando-fl/,region term; Orlando hub is the Central Florida anchor (lists all 30 cities)
paver contractor central florida,local,Low,region-orlando,/orlando-fl/,same hub
concrete contractor suncoast / sarasota manatee,local,Low,region-sarasota,/sarasota-fl/,region term for Sarasota unit hub
concrete contractor orlando,local,High,city-orlando,/orlando-fl/,city hub owns trade-in-city generic
concrete contractors orlando fl,local,High,city-orlando,/orlando-fl/,variant
paver company orlando,local,Medium,city-orlando,/orlando-fl/,city hub covers both trades
concrete contractor kissimmee,local,Medium,city-kissimmee,/kissimmee-fl/,
concrete contractor clermont fl,local,Medium,city-clermont,/clermont-fl/,
concrete contractor winter garden fl,local,Medium,city-winter-garden,/winter-garden-fl/,
concrete contractor oviedo fl,local,Low,city-oviedo,/oviedo-fl/,
concrete contractor st cloud fl,local,Low,city-st-cloud,/st-cloud-fl/,existing competitor stcloudflconcrete ranks; differentiate with real projects
concrete contractor sanford fl,local,Low,city-sanford,/sanford-fl/,
concrete contractor apopka,local,Low,city-apopka,/apopka-fl/,
pavers winter park fl,local,Low,city-winter-park,/winter-park-fl/,Winter Park skews to brick/Chicago brick; mention on hub
concrete contractor sarasota,local,High,city-sarasota,/sarasota-fl/,city hub
concrete contractors sarasota fl,local,High,city-sarasota,/sarasota-fl/,variant
pavers sarasota fl,local,Medium,city-sarasota,/sarasota-fl/,paver generic in Sarasota
concrete contractor bradenton,local,Medium,city-bradenton,/bradenton-fl/,
concrete contractor lakewood ranch,local,Medium,city-lakewood-ranch,/lakewood-ranch-fl/,LWR = HOA/ARC-heavy; hub must address ARC
paver company lakewood ranch,local,Low,city-lakewood-ranch,/lakewood-ranch-fl/,
concrete contractor venice fl,local,Medium,city-venice,/venice-fl/,
concrete contractor north port fl,local,Low,city-north-port,/north-port-fl/,new-construction market; slabs/driveways
concrete contractor parrish fl,local,Low,city-parrish,/parrish-fl/,new-construction market
concrete contractor palmetto fl,local,Low,city-palmetto,/palmetto-fl/,
concrete driveway,commercial,High,concrete-driveways,/concrete-driveways/,service head
concrete driveway installation,commercial,Medium,concrete-driveways,/concrete-driveways/,
concrete driveway contractors,commercial,Medium,concrete-driveways,/concrete-driveways/,
concrete driveway replacement,commercial,Medium,concrete-driveways,/concrete-driveways/,replacement = tear-out + new pour; repair intent goes to /concrete-repair/
new concrete driveway,commercial,Medium,concrete-driveways,/concrete-driveways/,
concrete driveway thickness florida,informational,Low,concrete-driveways,/concrete-driveways/,"answer in service FAQ (4 in. typical, 5-6 in. for heavy vehicles/aprons per county)"
concrete driveway orlando,local,Medium,city-svc,/orlando-fl/concrete-driveways/,city x service pattern
concrete driveway kissimmee,local,Low,city-svc,/kissimmee-fl/concrete-driveways/,
concrete driveway clermont,local,Low,city-svc,/clermont-fl/concrete-driveways/,
concrete driveway winter garden,local,Low,city-svc,/winter-garden-fl/concrete-driveways/,
concrete driveway sarasota,local,Medium,city-svc,/sarasota-fl/concrete-driveways/,
concrete driveway bradenton,local,Low,city-svc,/bradenton-fl/concrete-driveways/,
concrete driveway lakewood ranch,local,Low,city-svc,/lakewood-ranch-fl/concrete-driveways/,
concrete driveway venice fl,local,Low,city-svc,/venice-fl/concrete-driveways/,
driveway extension concrete,commercial,Medium,driveway-extension,/blog/driveway-widening-and-extensions-florida/,"how-to + rules (width limits, HOA, apron); commercial CTA to /concrete-driveways/ and /paver-driveways/"
driveway apron replacement,commercial,Low,driveway-apron,/blog/driveway-apron-and-right-of-way-florida/,apron/ROW permit nuance
concrete driveway cost,informational,High,cost-concrete-driveway,/concrete-driveway-cost/,"national head; heavy cost-guide competition (Angi, HomeGuide, HomeAdvisor)"
how much does a concrete driveway cost,informational,High,cost-concrete-driveway,/concrete-driveway-cost/,question form of head; use as H1-adjacent
concrete driveway cost per square foot,informational,High,cost-concrete-driveway,/concrete-driveway-cost/,
concrete driveway cost per square foot florida,informational,Medium,cost-concrete-driveway,/concrete-driveway-cost/,"FL guides cite $6-$10 broom, $12-$18 stamped (verify against own pricing)"
cost to replace concrete driveway,informational,Medium,cost-concrete-driveway,/concrete-driveway-cost/,include demo $2-$4/sf line
2 car concrete driveway cost,informational,Medium,cost-concrete-driveway,/concrete-driveway-cost/,size table (2-car ~ 400-600 sf)
concrete driveway cost orlando,informational,Medium,cost-concrete-driveway,/concrete-driveway-cost/,Rule: the two anchor cities' cost terms live on the cost page (regional table); smaller cities' cost terms on city x service
concrete driveway cost sarasota,informational,Low,cost-concrete-driveway,/concrete-driveway-cost/,regional table row
concrete driveway price kissimmee,informational,Low,city-svc,/kissimmee-fl/concrete-driveways/,local price block on city x service page links to cost page
concrete patio,commercial,High,concrete-patios,/concrete-patios/,service head
concrete patio installation,commercial,Medium,concrete-patios,/concrete-patios/,
concrete patio contractors near me,commercial,Medium,concrete-patios,/concrete-patios/,
concrete patio extension / extend lanai slab,commercial,Medium,concrete-patios,/concrete-patios/,FL lanai extension is a core use case; design how-to is the blog post on screen enclosures
concrete patio ideas,informational,Medium,concrete-patio-ideas,/blog/concrete-patio-ideas-florida/,ideas intent separate from service page
concrete patio orlando,local,Low,city-svc,/orlando-fl/concrete-patios/,
concrete patio sarasota,local,Low,city-svc,/sarasota-fl/concrete-patios/,
concrete patio cost,informational,High,cost-concrete-patio,/concrete-patio-cost/,
concrete patio cost per square foot,informational,Medium,cost-concrete-patio,/concrete-patio-cost/,
cost to extend a concrete patio florida,informational,Low,cost-concrete-patio,/concrete-patio-cost/,
concrete pool deck,commercial,Medium,concrete-pool-decks,/concrete-pool-decks/,service head
pool deck resurfacing,commercial,High,concrete-pool-decks,/concrete-pool-decks/,"resurfacing (Kool Deck, spray knockdown, overlays) is owned by the concrete pool deck page, not /concrete-repair/"
kool deck / cool deck resurfacing,commercial,Medium,concrete-pool-decks,/concrete-pool-decks/,Florida term; include 'Kool Deck' and 'cool deck' spellings
spray deck pool deck,commercial,Low,concrete-pool-decks,/concrete-pool-decks/,knockdown texture
pool deck repair,commercial,Medium,concrete-pool-decks,/concrete-pool-decks/,
pool deck resurfacing orlando,local,Low,city-svc,/orlando-fl/concrete-pool-decks/,
pool deck resurfacing sarasota,local,Low,city-svc,/sarasota-fl/concrete-pool-decks/,
pool deck resurfacing cost,informational,Medium,cost-pool-deck,/pool-deck-cost/,all pool deck surfaces priced on one cost page
pool deck cost,informational,Medium,cost-pool-deck,/pool-deck-cost/,
pool deck ideas florida,informational,Low,pool-deck-ideas,/blog/pool-deck-ideas-florida/,
coolest pool deck surface,informational,Low,pool-deck-heat,/blog/how-hot-do-pool-decks-get-florida/,heat-focused informational
non slip pool deck coating,informational,Low,pool-deck-slip,/blog/slippery-pool-deck-fixes/,
stamped concrete,commercial,High,stamped-concrete,/stamped-concrete/,service head; also owns 'decorative concrete'
stamped concrete patio,commercial,High,stamped-concrete,/stamped-concrete/,"stamped page owns ALL stamped surfaces (patio, driveway, pool deck); concrete-patios page uses broom/plain + link"
stamped concrete driveway,commercial,Medium,stamped-concrete,/stamped-concrete/,same rule
stamped concrete pool deck,commercial,Medium,stamped-concrete,/stamped-concrete/,same rule; heat/slip FAQ links to blog
stamped concrete contractors near me,commercial,Medium,stamped-concrete,/stamped-concrete/,
stamped concrete overlay,commercial,Low,stamped-concrete,/stamped-concrete/,overlay on existing slab; resurfacing of plain driveways goes to /concrete-repair/
stamped concrete orlando,local,Medium,city-svc,/orlando-fl/stamped-concrete/,
stamped concrete sarasota,local,Low,city-svc,/sarasota-fl/stamped-concrete/,
stamped concrete lakewood ranch,local,Low,city-svc,/lakewood-ranch-fl/stamped-concrete/,
stamped concrete cost,informational,High,cost-stamped,/stamped-concrete-cost/,
stamped concrete cost per square foot,informational,High,cost-stamped,/stamped-concrete-cost/,
stamped concrete patio cost,informational,Medium,cost-stamped,/stamped-concrete-cost/,
stamped concrete patterns,informational,Medium,stamped-design,/blog/stamped-concrete-patterns-and-colors/,
stamped concrete problems,informational,Medium,stamped-maint,/blog/stamped-concrete-maintenance-florida/,"fading, slippery, flaking -> maintenance post"
resealing stamped concrete,informational,Low,stamped-maint,/blog/stamped-concrete-maintenance-florida/,
concrete sidewalk installation,commercial,Medium,concrete-walkways,/concrete-walkways/,service head (residential)
concrete walkway,commercial,Medium,concrete-walkways,/concrete-walkways/,
concrete walkway contractors,commercial,Low,concrete-walkways,/concrete-walkways/,
front walkway ideas,informational,Medium,walkway-ideas,/blog/front-walkway-ideas-curb-appeal/,covers concrete AND paver walkways; design intent
concrete sidewalk cost,informational,Medium,cost-walkway,/concrete-walkway-cost/,
concrete walkway cost per square foot,informational,Medium,cost-walkway,/concrete-walkway-cost/,
sidewalk repair city of orlando who pays,informational,Low,faq-permits,/faq/cost-and-permits/,public sidewalk responsibility
concrete slab,commercial,High,concrete-slabs,/concrete-slabs/,service head (residential pads)
concrete slab for shed,commercial,Medium,concrete-slabs,/concrete-slabs/,
concrete pad for shed near me,commercial,Medium,concrete-slabs,/concrete-slabs/,
concrete slab for garage / carport,commercial,Low,concrete-slabs,/concrete-slabs/,detached garage/carport slab; engineered foundations for habitable additions are out of scope (say so)
concrete pad for hvac / generator,commercial,Low,concrete-slabs,/concrete-slabs/,generator pads are common after hurricane season
rv pad concrete,commercial,Low,rv-boat-pad,/blog/concrete-pad-for-rv-or-boat-parking/,how-to/rules post; CTA to /concrete-slabs/
concrete slab cost,informational,High,cost-slab,/concrete-slab-cost/,
concrete slab cost per square foot,informational,High,cost-slab,/concrete-slab-cost/,
12x12 concrete slab cost,informational,Medium,cost-slab,/concrete-slab-cost/,"size table: 10x10, 12x12, 12x16, 20x20, 24x24"
how thick should a shed slab be,informational,Low,shed-slab,/blog/shed-slab-guide-florida/,shed post owns thickness + tie-down + permit
concrete slab orlando,local,Low,city-svc,/orlando-fl/concrete-slabs/,
concrete repair,commercial,High,concrete-repair,/concrete-repair/,service head
concrete driveway repair,commercial,Medium,concrete-repair,/concrete-repair/,"repair intent (cracks, spalls, sections) vs replacement on /concrete-driveways/"
concrete resurfacing,commercial,Medium,concrete-repair,/concrete-repair/,driveway/patio/walkway resurfacing; POOL deck resurfacing goes to /concrete-pool-decks/
driveway resurfacing,commercial,Medium,concrete-repair,/concrete-repair/,
concrete crack repair,commercial,Medium,concrete-repair,/concrete-repair/,
concrete leveling / sunken slab repair,commercial,Medium,concrete-repair,/concrete-repair/,only if leveling is offered; otherwise frame as section replacement
concrete repair orlando,local,Low,city-svc,/orlando-fl/concrete-repair/,
concrete repair sarasota,local,Low,city-svc,/sarasota-fl/concrete-repair/,
concrete driveway repair cost,informational,Medium,cost-repair,/concrete-repair-cost/,
concrete resurfacing cost,informational,Medium,cost-repair,/concrete-repair-cost/,
why is my concrete driveway cracking,informational,Medium,cracks,/blog/concrete-driveway-cracks-florida/,diagnostic post
tree roots under driveway,informational,Low,roots,/blog/tree-roots-under-driveway-florida/,
rust stains on concrete from well water,informational,Low,stains,/blog/rust-and-irrigation-stains-on-concrete-pavers/,very FL-specific (well/reclaimed irrigation)
paver driveway,commercial,High,paver-driveways,/paver-driveways/,service head
paver driveway installation,commercial,Medium,paver-driveways,/paver-driveways/,
brick paver driveway,commercial,Medium,paver-driveways,/paver-driveways/,
paver driveway contractors near me,commercial,Medium,paver-driveways,/paver-driveways/,
chicago brick driveway,commercial,Low,paver-driveways,/paver-driveways/,style term; the clay-vs-concrete paver comparison lives in /compare/
paver driveway ideas,informational,Medium,paver-driveway-ideas,/blog/paver-driveway-ideas-florida/,
paver driveway orlando,local,Medium,city-svc,/orlando-fl/paver-driveways/,
paver driveway kissimmee,local,Low,city-svc,/kissimmee-fl/paver-driveways/,
paver driveway sarasota,local,Low,city-svc,/sarasota-fl/paver-driveways/,
paver driveway lakewood ranch,local,Low,city-svc,/lakewood-ranch-fl/paver-driveways/,
paver driveway cost,informational,High,cost-paver-driveway,/paver-driveway-cost/,
paver driveway cost per square foot,informational,Medium,cost-paver-driveway,/paver-driveway-cost/,
paver driveway cost florida,informational,Medium,cost-paver-driveway,/paver-driveway-cost/,
pavers over existing concrete driveway,informational,Medium,pavers-overlay,/blog/pavers-over-existing-concrete/,"covers driveways, patios, pool decks; one post"
paver patio,commercial,High,paver-patios,/paver-patios/,service head
paver patio installation,commercial,Medium,paver-patios,/paver-patios/,
paver walkway,commercial,Medium,paver-patios,/paver-patios/,paver walkways are owned by /paver-patios/ (service scope 'patios & walkways')
paver patio contractors near me,commercial,Medium,paver-patios,/paver-patios/,
backyard pavers / lanai pavers,commercial,Medium,paver-patios,/paver-patios/,FL 'lanai' term
paver patio orlando,local,Medium,city-svc,/orlando-fl/paver-patios/,
paver patio winter garden,local,Low,city-svc,/winter-garden-fl/paver-patios/,
paver patio sarasota,local,Low,city-svc,/sarasota-fl/paver-patios/,
paver patio bradenton,local,Low,city-svc,/bradenton-fl/paver-patios/,
paver patio venice fl,local,Low,city-svc,/venice-fl/paver-patios/,
paver patio cost,informational,High,cost-paver-patio,/paver-patio-cost/,
paver patio cost per square foot,informational,High,cost-paver-patio,/paver-patio-cost/,
cost of pavers installed,informational,Medium,cost-paver-patio,/paver-patio-cost/,generic 'pavers installed' cost lands on the patio cost page; driveway-specific goes to /paver-driveway-cost/
paver walkway cost,informational,Low,cost-paver-patio,/paver-patio-cost/,
paver patio ideas,informational,High,paver-patio-ideas,/blog/paver-patio-ideas-florida/,
paver patio with fire pit,informational,Low,fire-pit,/blog/fire-pit-on-pavers-florida/,
how to extend a pool cage / screen enclosure patio,informational,Low,lanai-extension,/blog/extend-patio-under-screen-enclosure/,
pool deck pavers,commercial,High,pool-deck-pavers,/pool-deck-pavers/,service head
travertine pool deck,commercial,Medium,pool-deck-pavers,/pool-deck-pavers/,travertine is a material option on this page
travertine pavers installation,commercial,Medium,pool-deck-pavers,/pool-deck-pavers/,"travertine patios too, but primary use in FL = pool deck"
shell stone pavers,commercial,Low,pool-deck-pavers,/pool-deck-pavers/,FL-specific coquina/shellstone look
pavers over pool deck,commercial,Medium,pool-deck-pavers,/pool-deck-pavers/,overlay technique explained deeper in the blog post
pool deck pavers orlando,local,Low,city-svc,/orlando-fl/pool-deck-pavers/,
pool pavers sarasota,local,Low,city-svc,/sarasota-fl/pool-deck-pavers/,
travertine pool deck cost,informational,Medium,cost-pool-deck,/pool-deck-cost/,
pool deck pavers cost,informational,Medium,cost-pool-deck,/pool-deck-cost/,
travertine pavers cost,informational,Medium,cost-pool-deck,/pool-deck-cost/,material cost table on pool deck cost page
travertine pool deck care,informational,Low,travertine-maint,/blog/travertine-pool-deck-care/,
paver sealing,commercial,High,paver-sealing,/paver-sealing/,service head
paver sealing near me,commercial,Medium,paver-sealing,/paver-sealing/,
paver cleaning and sealing,commercial,Medium,paver-sealing,/paver-sealing/,
paver repair,commercial,Medium,paver-sealing,/paver-sealing/,"service scope = sealing/cleaning/REPAIR (re-leveling, re-sanding, replacing broken units)"
paver re-leveling / sinking pavers repair,commercial,Low,paver-sealing,/paver-sealing/,commercial fix intent; the 'why' is the blog post
travertine sealing,commercial,Low,paver-sealing,/paver-sealing/,
paver sealing orlando,local,Low,city-svc,/orlando-fl/paver-sealing/,
paver sealing sarasota,local,Low,city-svc,/sarasota-fl/paver-sealing/,
paver sealing cost,informational,Medium,cost-sealing,/paver-sealing-cost/,
paver sealing cost per square foot,informational,Medium,cost-sealing,/paver-sealing-cost/,
how often should pavers be sealed in florida,informational,Medium,sealing-faq,/paver-sealing/,FAQ on service page (short answer 2-3 yrs; coastal sooner)
why are my pavers sinking,informational,Medium,sinking,/blog/why-pavers-sink-in-florida/,
white residue on pavers,informational,Medium,efflorescence,/blog/efflorescence-on-pavers-and-concrete/,
black mold on pavers,informational,Low,mold,/blog/mold-and-algae-on-pavers-florida/,
ants in pavers,informational,Low,ants-weeds,/blog/ants-and-weeds-in-paver-joints/,
retaining wall,commercial,High,retaining-walls,/retaining-walls/,service head
retaining wall contractors near me,commercial,Medium,retaining-walls,/retaining-walls/,
paver retaining wall / block retaining wall,commercial,Medium,retaining-walls,/retaining-walls/,segmental block walls
seat wall / raised planter wall,commercial,Low,retaining-walls,/retaining-walls/,most FL residential walls are short seat/planter walls
retaining wall clermont fl,local,Low,city-svc,/clermont-fl/retaining-walls/,Clermont/Minneola/Montverde = hilly lots; highest wall demand in Orlando unit
retaining wall orlando,local,Low,city-svc,/orlando-fl/retaining-walls/,
retaining wall cost,informational,High,cost-retaining-wall,/retaining-wall-cost/,
retaining wall cost per linear foot,informational,Medium,cost-retaining-wall,/retaining-wall-cost/,
retaining wall ideas,informational,Medium,wall-ideas,/blog/retaining-wall-ideas-florida-yards/,
does a retaining wall need a permit in florida,informational,Low,wall-permit,/faq/cost-and-permits/,
artificial turf installation,commercial,High,artificial-turf,/artificial-turf/,service head
artificial grass installers near me,commercial,High,artificial-turf,/artificial-turf/,"turf near-me goes to the turf service page, not homepage"
synthetic turf,commercial,Medium,artificial-turf,/artificial-turf/,
pet turf / artificial grass for dogs,commercial,Medium,artificial-turf,/artificial-turf/,product option; deep dive in blog
putting green installation,commercial,Medium,artificial-turf,/artificial-turf/,only as a turf sub-offer; design how-to in blog
artificial turf orlando,local,Medium,city-svc,/orlando-fl/artificial-turf/,
artificial turf kissimmee,local,Low,city-svc,/kissimmee-fl/artificial-turf/,sibling site kissimmeeartificialturf.com exists in the owner network; avoid duplicate copy
artificial turf sarasota,local,Medium,city-svc,/sarasota-fl/artificial-turf/,
artificial turf lakewood ranch,local,Low,city-svc,/lakewood-ranch-fl/artificial-turf/,
artificial turf cost,informational,High,cost-turf,/artificial-turf-cost/,
artificial turf cost per square foot,informational,High,cost-turf,/artificial-turf-cost/,
artificial turf cost florida,informational,Medium,cost-turf,/artificial-turf-cost/,FL guides cite ~$10-$16/sf installed
putting green cost,informational,Medium,cost-turf,/artificial-turf-cost/,
is artificial turf allowed by hoa in florida,informational,Medium,turf-law,/blog/florida-hoa-artificial-turf-law/,"720.3045 + 2025 HB 683; cite statute, no legal advice"
how hot does artificial turf get,informational,Medium,turf-heat,/blog/artificial-turf-heat-in-florida/,
artificial turf for dogs odor,informational,Low,turf-dogs,/blog/artificial-turf-for-dogs-florida/,
side yard ideas florida,informational,Low,side-yard,/blog/side-yard-ideas-florida/,
pavers vs concrete driveway,informational,High,cmp,/compare/pavers-vs-concrete-driveway/,
pavers vs concrete pool deck,informational,Medium,cmp,/compare/pavers-vs-concrete-pool-deck/,
stamped concrete vs pavers,informational,High,cmp,/compare/stamped-concrete-vs-pavers/,patio/outdoor-living framing
travertine vs pavers,informational,Medium,cmp,/compare/travertine-vs-concrete-pavers/,
artificial turf vs sod / real grass,informational,Medium,cmp,/compare/artificial-turf-vs-sod/,
cool deck vs pavers,informational,Low,cmp,/compare/cool-deck-vs-pavers-vs-travertine/,
exposed aggregate vs broom finish,informational,Low,cmp,/compare/concrete-driveway-finishes/,
polymeric sand vs regular sand,informational,Medium,cmp,/compare/polymeric-sand-vs-joint-sand/,
wet look vs natural paver sealer,informational,Low,cmp,/compare/wet-look-vs-natural-paver-sealer/,
resurface or replace concrete driveway,informational,Medium,cmp,/compare/resurface-vs-replace-concrete/,
clay brick pavers vs concrete pavers,informational,Low,cmp,/compare/clay-brick-vs-concrete-pavers/,Chicago brick sits here
porcelain pavers vs travertine,informational,Low,cmp,/compare/porcelain-vs-travertine-pavers/,
do i need a permit for pavers in orange county fl,informational,Medium,permit-orange,/blog/orange-county-orlando-driveway-patio-permits/,Orange County: permit for poured concrete or pavers; City of Orlando: engineering permit
osceola county driveway permit,informational,Low,permit-osceola,/blog/osceola-county-kissimmee-st-cloud-permits/,
seminole county driveway permit,informational,Low,permit-seminole,/blog/seminole-county-driveway-patio-permits/,$45 ROW driveway permit (verify current)
lake county fl driveway permit,informational,Low,permit-lake-polk,/blog/lake-and-polk-county-driveway-permits/,
sarasota county driveway permit,informational,Low,permit-sarasota,/blog/sarasota-county-driveway-patio-permits/,
manatee county driveway permit,informational,Low,permit-manatee,/blog/manatee-county-driveway-permits/,Manatee paver driveway inspections + 6 in. section standard
hoa approval for pavers,informational,Medium,hoa,/blog/hoa-approval-for-pavers-and-concrete/,
lakewood ranch arc approval,informational,Low,hoa-lwr,/blog/lakewood-ranch-arc-approval-hardscape/,
how to choose a concrete contractor,informational,Medium,hiring,/blog/how-to-choose-a-concrete-contractor-orlando/,"split by region and trade; criteria only, no superiority claims"
best concrete contractor sarasota,commercial,Medium,hiring,/blog/how-to-choose-a-concrete-contractor-sarasota/,
best paver company orlando,commercial,Medium,hiring,/blog/how-to-choose-a-paver-contractor-orlando/,
best paver installer sarasota,commercial,Low,hiring,/blog/how-to-choose-a-paver-contractor-sarasota/,
does a concrete contractor need a license in florida,informational,Low,license,/blog/florida-contractor-license-check-concrete-pavers/,
concrete driveway installation process,informational,Low,process,/blog/concrete-driveway-installation-process/,
how are pavers installed,informational,Medium,process,/blog/paver-installation-process-florida/,
how long before you can drive on new concrete,informational,High,cure,/concrete-driveways/,FAQ on driveway service page (7 days cars; 28 days heavy)
can you pour concrete in the rain,informational,Medium,rain,/blog/pouring-concrete-in-florida-rainy-season/,
