id,question,cluster,owner_page,placement,rationale
Q001,How long before I can drive on a new concrete driveway?,cure,/concrete-driveways/,faq_on_service_page,"Variants: walk on / park on / drive a truck on new concrete. Short factual: ~24-48 h foot traffic, ~7 days cars, ~28 days heavy vehicles. Strong PAA presence"
Q002,How thick should a concrete driveway be in Florida?,spec,/concrete-driveways/,faq_on_service_page,4 in. typical residential; some counties require 6 in. in the apron/ROW (Manatee). Variants: 'is 4 inches enough for a driveway'
Q003,How long does a concrete driveway last in Florida?,lifespan,/concrete-driveways/,faq_on_service_page,"Short factual range + what shortens it (roots, base, drainage)"
Q004,"Do you use rebar, wire mesh or fiber in driveways?",spec,/concrete-driveways/,faq_on_service_page,Reinforcement question common on forums; keep factual about own spec
Q005,How long does it take to replace a concrete driveway?,timeline,/concrete-driveways/,faq_on_service_page,Tear-out to pour to drive (days); full narrative lives in /blog/concrete-driveway-installation-process/
Q006,Do you remove and haul away the old driveway?,scope,/concrete-driveways/,faq_on_service_page,Demolition scope question frequent in quote requests
Q007,Can you extend my existing concrete patio or lanai slab?,extension,/concrete-patios/,faq_on_service_page,"Variants: 'add on to patio', 'extend lanai'. Doweling into existing slab; screen-enclosure specifics in blog"
Q008,How thick should a concrete patio be?,spec,/concrete-patios/,faq_on_service_page,4 in. typical; thicker where a hot tub or kitchen sits
Q009,"Can a concrete patio hold a hot tub, pergola or outdoor kitchen?",load,/concrete-patios/,faq_on_service_page,Load/footing question; short answer + thickened edge/footing
Q010,What finishes can I choose for a concrete patio?,finish,/concrete-patios/,faq_on_service_page,"Broom, smooth trowel, salt finish (coastal), stain; stamped links to /stamped-concrete/"
Q011,How do you make sure water drains away from the house?,drainage,/concrete-patios/,faq_on_service_page,Slope (~1/8-1/4 in. per ft) away from foundation; Florida downpours make this a top concern
Q012,What is Kool Deck and can it be resurfaced?,kool-deck,/concrete-pool-decks/,faq_on_service_page,"Variants: 'cool deck', 'Kool Deck repair', 'can you paint Kool Deck'. FL-specific term"
Q013,How long does pool deck resurfacing last in Florida?,lifespan,/concrete-pool-decks/,faq_on_service_page,Cost-guide sources cite roughly 5-10 years for spray/cool-deck systems vs much longer for pavers; state as range
Q014,"Can a cracked pool deck be resurfaced, or does it need replacing?",repair,/concrete-pool-decks/,faq_on_service_page,Pool-deck specific; driveway equivalent is the /compare/resurface-vs-replace-concrete/ page
Q015,Do I need to drain the pool for pool deck work?,process,/concrete-pool-decks/,faq_on_service_page,Common worry; usually no for deck resurfacing
Q016,How soon can we use the pool deck after resurfacing?,timeline,/concrete-pool-decks/,faq_on_service_page,Cure/dry times for coatings
Q017,Can you replace the pool coping at the same time?,scope,/concrete-pool-decks/,faq_on_service_page,Coping is a frequent add-on; also asked for pavers (answered there for paver coping)
Q018,Is stamped concrete slippery when wet?,slip,/stamped-concrete/,faq_on_service_page,Answer yes-if-sealed-without-grit + mitigation; fixes for existing decks live in /blog/slippery-pool-deck-fixes/
Q019,Does stamped concrete crack?,cracks,/stamped-concrete/,faq_on_service_page,Joints control cracks; same physics as plain concrete
Q020,How often does stamped concrete need resealing in Florida?,maintenance,/stamped-concrete/,faq_on_service_page,Every 2-3 years typical per FL contractor sources; detailed upkeep in maintenance blog
Q021,Can stamped concrete be installed over my existing slab?,overlay,/stamped-concrete/,faq_on_service_page,Stamped overlay vs new pour
Q022,How long does stamped concrete last?,lifespan,/stamped-concrete/,faq_on_service_page,Lifespan range; color fading separate
Q023,Which stamped concrete colors stay coolest around a pool?,heat,/stamped-concrete/,faq_on_service_page,Light colors; full heat comparison of surfaces is the blog post
Q024,How wide should a front walkway be?,spec,/concrete-walkways/,faq_on_service_page,36-48 in. typical; 48-60 for two people
Q025,Can you build a walkway from the driveway to the backyard or side gate?,scope,/concrete-walkways/,faq_on_service_page,"Very common FL request (trash cans, side yard)"
Q026,How far apart should joints be in a concrete walkway?,spec,/concrete-walkways/,faq_on_service_page,Spacing ~ equal to walkway width; prevents random cracks
Q027,Can you replace just one cracked section of my walkway?,repair,/concrete-walkways/,faq_on_service_page,Section replacement; color-match caveat
Q028,Can a concrete walkway be colored or stamped to match my patio?,finish,/concrete-walkways/,faq_on_service_page,Cross-link to stamped page
Q029,What size slab do I need for my shed?,sizing,/concrete-slabs/,faq_on_service_page,"Variants: 10x12 shed slab size, 12x16. Slab ~ shed footprint + small margin; thickness/permits in shed blog"
Q030,Can you pour a slab for a detached garage or carport?,scope,/concrete-slabs/,faq_on_service_page,Scope; thickened edges/footings
Q031,"Do you pour pads for generators, AC units and pool equipment?",scope,/concrete-slabs/,faq_on_service_page,Post-hurricane generator demand in FL
Q032,How do you keep a slab from settling in sandy Florida soil?,base,/concrete-slabs/,faq_on_service_page,"Compaction, base, drainage; short answer"
Q033,Do you pour house foundations or room additions?,scope,/concrete-slabs/,faq_on_service_page,Scope boundary (engineered/permit-heavy work); avoids attracting wrong leads
Q034,What is the smallest slab or job you will take?,scope,/concrete-slabs/,faq_on_service_page,Minimum job; cost per sf is higher on small pours
Q035,Can you repair just the cracked part of my driveway?,repair,/concrete-repair/,faq_on_service_page,Section replacement vs patch; whole-driveway decision is the /compare/ page
Q036,Does crack filler work on concrete driveway cracks?,repair,/concrete-repair/,faq_on_service_page,Sealant for hairline cracks; limits
Q037,How long does concrete resurfacing last on a driveway?,lifespan,/concrete-repair/,faq_on_service_page,"Range, depends on base condition"
Q038,Can you fix a trip hazard where a slab has lifted?,repair,/concrete-repair/,faq_on_service_page,Grinding vs section replacement; root cause in roots blog
Q039,Can you level a sunken concrete slab?,leveling,/concrete-repair/,faq_on_service_page,"Variants: mudjacking, foam leveling. Answer according to services actually offered"
Q040,Will the repaired section match my old concrete?,color,/concrete-repair/,faq_on_service_page,New concrete rarely matches exactly; set expectations
Q041,Are pavers strong enough for a driveway?,strength,/paver-driveways/,faq_on_service_page,"Variants: 'will pavers crack under a truck', 'pavers for RV'. Thicker 80 mm units + base"
Q042,How thick are driveway pavers compared with patio pavers?,spec,/paver-driveways/,faq_on_service_page,60 mm vs 80 mm typical
Q043,Do paver driveways need edge restraints?,spec,/paver-driveways/,faq_on_service_page,Concrete curb or restraint; prevents spreading
Q044,Can you add pavers just to the apron or as a border on my concrete driveway?,scope,/paver-driveways/,faq_on_service_page,Hybrid designs; ideas in blog
Q045,How long does a paver driveway installation take?,timeline,/paver-driveways/,faq_on_service_page,Days; usable immediately after compaction (vs concrete cure)
Q046,Will new pavers change the height at my garage door?,grade,/paver-driveways/,faq_on_service_page,Grade/threshold; drainage into garage worry
Q047,How long does it take to install a paver patio?,timeline,/paver-patios/,faq_on_service_page,Typical 2-5 days by size
Q048,Can you match new pavers to my existing driveway or pool deck pavers?,match,/paver-patios/,faq_on_service_page,Discontinued colors/blends
Q049,How deep is the base under a paver patio in Florida?,base,/paver-patios/,faq_on_service_page,Short spec answer; full build-up in /blog/paver-installation-process-florida/
Q050,Will a paver patio drain during heavy rain?,drainage,/paver-patios/,faq_on_service_page,Slope + joints; permeable option in blog
Q051,Do pavers fade in the Florida sun?,fading,/paver-patios/,faq_on_service_page,UV fading of pigments; sealer slows it
Q052,Can you install a paver walkway around the side of the house?,scope,/paver-patios/,faq_on_service_page,Walkways belong to this page's scope
Q053,Will pavers over my existing pool deck end up higher than the coping?,overlay,/pool-deck-pavers/,faq_on_service_page,Pool-specific height issue; general overlay feasibility in /blog/pavers-over-existing-concrete/
Q054,Is travertine a good choice for a saltwater pool?,salt,/pool-deck-pavers/,faq_on_service_page,Yes with sealing/rinsing; degradation detail in coastal blog
Q055,Is travertine slippery when wet?,slip,/pool-deck-pavers/,faq_on_service_page,Tumbled finish has traction
Q056,Can you install new paver or travertine coping?,coping,/pool-deck-pavers/,faq_on_service_page,Bullnose coping options
Q057,What size travertine pavers are best for a pool deck?,spec,/pool-deck-pavers/,faq_on_service_page,French pattern vs 16x16 vs 12x24
Q058,Can pavers be installed inside a screen enclosure without removing it?,access,/pool-deck-pavers/,faq_on_service_page,Access/logistics FL-specific
Q059,Does a travertine pool deck have to be sealed?,sealing,/pool-deck-pavers/,faq_on_service_page,Short answer; routine care post covers how
Q060,How often should pavers be sealed in Florida?,frequency,/paver-sealing/,faq_on_service_page,Variants: 'how long does paver sealer last'. 2-3 yrs typical; ~18-24 months coastal/pool per FL sources
Q061,How long should I wait to seal new pavers?,new-pavers,/paver-sealing/,faq_on_service_page,Let efflorescence finish (often cited 60-90 days)
Q062,How long after sealing can I walk or drive on my pavers?,cure,/paver-sealing/,faq_on_service_page,"Hours for foot traffic, ~24-48 h vehicles; product-dependent"
Q063,Can sunken pavers be re-leveled without new pavers?,repair,/paver-sealing/,faq_on_service_page,"Lift, rebase, relay same units; causes in sinking blog"
Q064,Can you replace a few cracked or stained pavers?,repair,/paver-sealing/,faq_on_service_page,Individual unit replacement; color match caveat
Q065,Does sealing pavers stop weeds and ants?,joints,/paver-sealing/,faq_on_service_page,Helps by locking joint sand; full pest answer in blog
Q066,Why did my pavers turn white or cloudy after sealing?,blushing,/paver-sealing/,faq_on_service_page,Sealer blushing from trapped moisture (humidity) - different from efflorescence post
Q067,Does a retaining wall need drainage behind it?,drainage,/retaining-walls/,faq_on_service_page,Gravel backfill + perforated pipe; FL rain
Q068,How tall can a retaining wall be before it needs an engineer?,height,/retaining-walls/,faq_on_service_page,"Commonly cited thresholds vary by jurisdiction; state 'check local code', no fixed number unless verified"
Q069,Can you build a seat wall around a patio or fire pit?,seat-wall,/retaining-walls/,faq_on_service_page,Seat walls are most residential FL wall work
Q070,What is the difference between a retaining wall and a seat wall?,definition,/retaining-walls/,faq_on_service_page,Structural vs decorative
Q071,Do you build seawalls?,scope,/retaining-walls/,faq_on_service_page,Scope boundary for Sarasota/Venice waterfront leads (marine contractor work)
Q072,How long does a block retaining wall last?,lifespan,/retaining-walls/,faq_on_service_page,Range
Q073,How long does artificial turf last in the Florida sun?,lifespan,/artificial-turf/,faq_on_service_page,Range (often 10-15+ yrs cited); UV rating
Q074,Does artificial turf drain during heavy rain?,drainage,/artificial-turf/,faq_on_service_page,Perforated/flow-through backing + base; flooding events in blog
Q075,What goes under artificial turf in Florida?,base,/artificial-turf/,faq_on_service_page,"Excavation, crushed stone base, weed barrier; full process in blog"
Q076,Is artificial turf safe for kids?,safety,/artificial-turf/,faq_on_service_page,"Infill types, heat caveat; dog-specific Qs in pet blog"
Q077,Does artificial turf need infill?,infill,/artificial-turf/,faq_on_service_page,Purpose of infill; options
Q078,How long does an artificial turf installation take?,timeline,/artificial-turf/,faq_on_service_page,1-3 days typical yard
Q079,Can artificial turf be installed over concrete or pavers?,overlay,/artificial-turf/,faq_on_service_page,Yes with pad/drainage; balcony/patio use
Q080,Do you offer free estimates?,general,/faq/,faq_hub,Brand/process FAQ; same answer site-wide so hub owns it
Q081,What areas do you serve?,general,/faq/,faq_hub,Orlando unit + Sarasota unit lists; links to city hubs
Q082,Are you licensed and insured?,trust,/faq/,faq_hub,Must state real license/insurance numbers; do not invent
Q083,Do you pull the permits for my project?,permits,/faq/,faq_hub,Process answer; jurisdiction detail in county blog posts
Q084,Do you handle the HOA application?,hoa,/faq/,faq_hub,Process answer; how-to in HOA blog posts
Q085,How soon can you start my project?,scheduling,/faq/,faq_hub,Lead time; seasonal note links to best-time blog
Q086,What is your payment schedule and deposit?,payment,/faq/,faq_hub,Merge: 'how much deposit does a contractor require in Florida' (FL Construction Recovery Fund notice applies to certain licensed contracts - verify)
Q087,What strength (PSI) concrete is used for driveways and patios?,spec,/faq/concrete/,faq_hub,3000-4000 psi typical; Manatee ROW spec 3000 psi
Q088,What is the difference between concrete curing and drying?,cure,/faq/concrete/,faq_hub,Short definition; full post on curing in heat
Q089,Why do contractors cut lines (joints) into concrete?,joints,/faq/concrete/,faq_hub,Control joints; crack post links here
Q090,Is fiber mesh as good as rebar or wire mesh?,reinforcement,/faq/concrete/,faq_hub,Generic concrete Q; driveway FAQ only answers 'what do you use'
Q091,Can new concrete be poured over old concrete?,overlay,/faq/concrete/,faq_hub,Bonded overlay vs new slab; caveats
Q092,Why does new concrete look blotchy or uneven in color?,color,/faq/concrete/,faq_hub,Curing variation; usually evens out
Q093,Is concrete the same as cement?,definition,/faq/concrete/,faq_hub,Common AI-assistant question; very short
Q094,How long do pavers last?,lifespan,/faq/pavers/,faq_hub,Units last decades; joints/sealer need upkeep
Q095,Which paver pattern is strongest for a driveway?,pattern,/faq/pavers/,faq_hub,Herringbone (45/90) interlock; ideas post covers looks
Q096,Why are there gaps between pavers?,joints,/faq/pavers/,faq_hub,Joints for interlock and drainage
Q097,What is a paver edge restraint?,spec,/faq/pavers/,faq_hub,Definition; driveway FAQ only asks if needed
Q098,Do pavers get hot in the summer?,heat,/faq/pavers/,faq_hub,Short answer; full surface comparison in heat blog
Q099,Can old pavers be reused when remodeling?,reuse,/faq/pavers/,faq_hub,Relay/reuse; sustainability angle
Q100,Can pavers be pressure washed?,cleaning,/faq/pavers/,faq_hub,Yes with care; method in cleaning blog. Merge variant 'will pressure washing damage pavers'
Q101,Does artificial turf get moldy or smell in Florida humidity?,humidity,/faq/artificial-turf/,faq_hub,General humidity Q; dog urine odor answered in pet blog
Q102,Can artificial turf be installed in shade?,shade,/faq/artificial-turf/,faq_hub,Yes; where sod fails under oaks
Q103,Do bugs or fire ants live in artificial turf?,pests,/faq/artificial-turf/,faq_hub,Weed barrier and base reduce; not zero
Q104,Can window reflections melt artificial turf?,melting,/faq/artificial-turf/,faq_hub,Low-E window reflection melting is a known issue
Q105,Does artificial turf need to be watered or rinsed?,maintenance,/faq/artificial-turf/,faq_hub,Occasional rinse; full maintenance post
Q106,Is artificial turf bad for the environment in Florida?,environment,/faq/artificial-turf/,faq_hub,"Balanced answer citing UF/IFAS (heat, runoff) and water savings"
Q107,Do I need a permit for a paver patio in Florida?,permits,/faq/cost-and-permits/,faq_hub,Statewide answer: depends on city/county; links to the 6 county posts. Merge 'do I need permit for backyard pavers'
Q108,Do I need a permit to replace my driveway in Florida?,permits,/faq/cost-and-permits/,faq_hub,"Merge variants 'permit for concrete driveway', 'permit for paver driveway'; county specifics in blog posts"
Q109,Who is responsible for repairing the public sidewalk in front of my house?,sidewalk,/faq/cost-and-permits/,faq_hub,Varies by city; Orlando/Sarasota differ - verify per city
Q110,Does a retaining wall need a permit in Florida?,permits,/faq/cost-and-permits/,faq_hub,Height thresholds vary; check local
Q111,Does homeowners insurance cover a cracked driveway or pool deck?,insurance,/faq/cost-and-permits/,faq_hub,General answer; sinkhole nuance in sinkhole blog
Q112,Will a new driveway or patio raise my property taxes?,tax,/faq/cost-and-permits/,faq_hub,Generally minor/assessor-dependent; verify with county property appraiser
Q113,Why do estimates for the same driveway vary so much?,estimates,/faq/cost-and-permits/,faq_hub,Short answer; full method in /blog/how-to-compare-concrete-and-paver-quotes/
Q114,How much does a concrete driveway cost in Florida?,price,/concrete-driveway-cost/,cost_page,"Merge: per sq ft, average total, 'how much is a new driveway'. FL guides cite ~$6-$10/sf broom, $12-$18 stamped"
Q115,How much does it cost to replace a 2-car driveway?,size,/concrete-driveway-cost/,cost_page,Size table; includes demo
Q116,Is a concrete driveway cheaper in Orlando or Sarasota?,region,/concrete-driveway-cost/,cost_page,Regional table on the cost page; anchor cities rule
Q117,How much does a 12x12 concrete patio cost?,size,/concrete-patio-cost/,cost_page,"Merge 10x10, 12x12, 12x20 patio cost"
Q118,Is a concrete patio cheaper than a paver patio?,price-compare,/concrete-patio-cost/,cost_page,Price-only answer; full decision is /compare/stamped-concrete-vs-pavers/
Q119,How much does stamped concrete cost per square foot in Florida?,price,/stamped-concrete-cost/,cost_page,Merge patio/driveway variants
Q120,Why does stamped concrete cost more than plain concrete?,price-why,/stamped-concrete-cost/,cost_page,"Labor, color, sealer"
Q121,How much does a travertine pool deck cost?,price,/pool-deck-cost/,cost_page,Merge 'travertine pavers cost per square foot'. Sarasota sources cite ~$20-$26/sf installed
Q122,How much does it cost to resurface a pool deck in Florida?,price,/pool-deck-cost/,cost_page,Kool Deck/spray/overlay ranges
Q123,How much does it cost to put pavers over an existing pool deck?,price,/pool-deck-cost/,cost_page,Overlay pricing
Q124,How much does a 12x12 concrete slab cost?,size,/concrete-slab-cost/,cost_page,"Merge shed slab cost, 10x10 slab cost, 24x24 garage slab cost"
Q125,How much does a yard of concrete cost in Florida?,material,/concrete-slab-cost/,cost_page,Ready-mix price; DIY-adjacent
Q126,How much does a concrete sidewalk or walkway cost per square foot?,price,/concrete-walkway-cost/,cost_page,Merge 'per linear foot'
Q127,How much does it cost to repair a cracked concrete driveway?,price,/concrete-repair-cost/,cost_page,Crack fill vs section replace vs resurface
Q128,How much does concrete leveling cost?,price,/concrete-repair-cost/,cost_page,Only if offered; otherwise compare to section replacement
Q129,How much does a paver driveway cost in Florida?,price,/paver-driveway-cost/,cost_page,"FL sources cite ~$12-$18/sf concrete pavers, more for brick/travertine"
Q130,Are paver driveways more expensive than concrete?,price-compare,/paver-driveway-cost/,cost_page,Price-only; lifecycle decision on /compare/pavers-vs-concrete-driveway/
Q131,How much does a 400 sq ft paver patio cost?,size,/paver-patio-cost/,cost_page,Size table
Q132,How much do pavers cost per square foot installed?,price,/paver-patio-cost/,cost_page,"Merge 'cost of pavers installed', 'paver walkway cost'"
Q133,How much does it cost to seal pavers?,price,/paver-sealing-cost/,cost_page,FL sources ~$0.75-$1.50/sf basic; more with re-sanding/wet look
Q134,Is sealing pavers worth the money?,value,/paver-sealing-cost/,cost_page,Value framing next to price
Q135,How much does a retaining wall cost per linear foot?,price,/retaining-wall-cost/,cost_page,By height; Orlando ranges on Angi
Q136,How much does artificial turf cost in Florida?,price,/artificial-turf-cost/,cost_page,~$10-$16/sf installed cited for FL; merge 'per square foot'
Q137,How much does a backyard putting green cost?,price,/artificial-turf-cost/,cost_page,Higher per sf
Q138,Are there rebates for replacing grass with artificial turf in Florida?,rebates,/artificial-turf-cost/,cost_page,Verify per utility: several FL turf-replacement programs fund Florida-friendly plants and may exclude synthetic turf - do not promise
Q139,Which Orlando-area cities and neighborhoods do you serve?,coverage,/orlando-fl/,city_page,Lists all 30 Orlando-unit cities with links
Q140,"Do you work on Longboat Key, Siesta Key and Anna Maria Island?",coverage,/sarasota-fl/,city_page,"Barrier-island access, coastal specs"
Q141,Do you work in all Lakewood Ranch villages and districts?,coverage,/lakewood-ranch-fl/,city_page,Village/district list; ARC how-to in LWR blog
Q142,Do you build driveways and pool decks for vacation rental homes in Kissimmee and ChampionsGate?,str,/kissimmee-fl/,city_page,STR-owner segment unique to Kissimmee/Davenport/ChampionsGate
Q143,Why are retaining walls so common in Clermont and Minneola?,terrain,/clermont-fl/,city_page,Rolling hills of Lake County - unique local hook
Q144,Do you serve new-construction homes in Parrish and North Port?,new-build,/parrish-fl/,city_page,New-build driveway extensions/pool decks; mention North Port on its own page with a parallel but unique answer
Q145,Do you install brick-look pavers that suit historic Winter Park homes?,style,/winter-park-fl/,city_page,Brick-street character; unique angle
Q146,"Do you work in Venice, South Venice and Nokomis?",coverage,/venice-fl/,city_page,Coverage + coastal/salt specs
Q147,Are cracks in a new concrete driveway normal?,blog-head,/blog/concrete-driveway-cracks-florida/,blog_post,"Merged with 'why is my driveway cracking', 'which cracks are bad'. Needs causes + photos -> 1,200+ words"
Q148,How do I stop tree roots from damaging my driveway?,blog-head,/blog/tree-roots-under-driveway-florida/,blog_post,Merge 'can you cut roots under sidewalk'
Q149,Why are my pavers sinking?,blog-head,/blog/why-pavers-sink-in-florida/,blog_post,"Merge 'why do pavers sink near pool', 'how to fix sunken pavers'"
Q150,What is the white stuff on my new pavers?,blog-head,/blog/efflorescence-on-pavers-and-concrete/,blog_post,"Merge 'efflorescence removal', 'white stains concrete'"
Q151,How do I get rid of black mold on pavers?,blog-head,/blog/mold-and-algae-on-pavers-florida/,blog_post,Merge 'green algae pool deck'
Q152,Why do I have ants and weeds between my pavers?,blog-head,/blog/ants-and-weeds-in-paver-joints/,blog_post,Merge 'sand washing out of pavers'
Q153,How do I remove orange rust stains from sprinklers on my driveway?,blog-head,/blog/rust-and-irrigation-stains-on-concrete-pavers/,blog_post,FL well/reclaimed water specific
Q154,Why do tires leave marks on sealed pavers?,blog-head,/blog/oil-and-tire-stains-on-driveways/,blog_post,Merge 'how to remove oil from pavers/concrete'
Q155,Can you pour concrete in the rain?,blog-head,/blog/pouring-concrete-in-florida-rainy-season/,blog_post,Merge 'what if it rains after pouring concrete'
Q156,How does Florida heat affect curing concrete?,blog-head,/blog/concrete-curing-in-florida-heat/,blog_post,Merge 'how long does concrete take to cure'
Q157,Will pavers float or wash away in a hurricane flood?,blog-head,/blog/pavers-and-concrete-in-hurricanes/,blog_post,Merge 'what to do with pavers after flooding'
Q158,Do pavers help prevent yard flooding?,blog-head,/blog/permeable-pavers-and-drainage-florida/,blog_post,Merge 'are permeable pavers worth it'
Q159,What is the coolest pool deck surface for bare feet?,blog-head,/blog/how-hot-do-pool-decks-get-florida/,blog_post,"Merge 'how hot do pavers get', 'does travertine stay cool'"
Q160,How do I make my pool deck less slippery?,blog-head,/blog/slippery-pool-deck-fixes/,blog_post,Merge 'anti-slip sealer additive'
Q161,Does a saltwater pool damage travertine or concrete?,blog-head,/blog/saltwater-pools-and-coastal-salt-air-hardscape/,blog_post,Coastal Suncoast angle
Q162,Is a sunken slab a sign of a sinkhole?,blog-head,/blog/sinkholes-and-settlement-central-florida/,blog_post,Central FL karst; insurance nuance
Q163,How hot does artificial turf get in Florida?,blog-head,/blog/artificial-turf-heat-in-florida/,blog_post,Merge 'is turf too hot for dogs'
Q164,Does artificial turf smell when dogs pee on it?,blog-head,/blog/artificial-turf-for-dogs-florida/,blog_post,Merge 'best turf for dogs'
Q165,Do I need a permit for pavers in Orange County?,blog-head,/blog/orange-county-orlando-driveway-patio-permits/,blog_post,Merge City of Orlando engineering permit question
Q166,Can my HOA stop me from installing artificial turf in Florida?,blog-head,/blog/florida-hoa-artificial-turf-law/,blog_post,Merge 'is artificial turf legal in Florida front yards'
Q167,How do I get HOA approval for a paver driveway?,blog-head,/blog/hoa-approval-for-pavers-and-concrete/,blog_post,Merge 'HOA denied my driveway extension'
Q168,Who owns the driveway apron between the sidewalk and the street?,blog-head,/blog/driveway-apron-and-right-of-way-florida/,blog_post,Merge 'do I need a permit to replace my apron'
Q169,Can I widen my driveway in Florida?,blog-head,/blog/driveway-widening-and-extensions-florida/,blog_post,Merge 'how wide can a driveway be'
Q170,Should I seal my concrete driveway?,blog-head,/blog/should-you-seal-a-concrete-driveway-florida/,blog_post,Concrete (not paver) sealing
Q171,Can you put pavers over existing concrete?,blog-head,/blog/pavers-over-existing-concrete/,blog_post,Merge 'pavers over concrete patio/driveway'
Q172,How are pavers installed in Florida?,blog-head,/blog/paver-installation-process-florida/,blog_post,Merge 'what base is used for pavers'
Q173,Does a concrete contractor need a license in Florida?,blog-head,/blog/florida-contractor-license-check-concrete-pavers/,blog_post,Merge 'how do I check a contractor license'
Q174,How do I choose the best concrete contractor in Orlando?,blog-head,/blog/how-to-choose-a-concrete-contractor-orlando/,blog_post,Criteria format; Sarasota and paver versions separate
Q175,Do pavers add value to a home?,blog-head,/blog/does-a-new-driveway-add-home-value/,blog_post,Merge 'does a new driveway increase home value'
Q176,Does artificial turf save money on water?,blog-head,/blog/artificial-turf-water-savings-florida/,blog_post,Merge 'turf payback period'
Q177,What are the best pavers for Florida?,blog-head,/blog/best-pavers-for-florida/,blog_post,Multi-material buyer guide
Q178,Which is better for a driveway: pavers or concrete?,compare-head,/compare/pavers-vs-concrete-driveway/,compare_page,Merge 'are pavers better than concrete'
Q179,Is stamped concrete better than pavers?,compare-head,/compare/stamped-concrete-vs-pavers/,compare_page,Merge 'stamped concrete or pavers for patio'
Q180,Should I use travertine or concrete pavers around my pool?,compare-head,/compare/travertine-vs-concrete-pavers/,compare_page,
Q181,Is artificial turf better than sod in Florida?,compare-head,/compare/artificial-turf-vs-sod/,compare_page,Merge 'turf vs St. Augustine grass'
Q182,Should I use polymeric sand on my pavers?,compare-head,/compare/polymeric-sand-vs-joint-sand/,compare_page,
