route,kind,title,title_len,h1,meta,meta_len,words,html_kb,noindex
/about/,about,About Opera Concrete & Pavers | Orlando & Sarasota,50,About Opera Concrete & Pavers,"Who we are, how we build concrete, pavers and turf in Florida, and the two service units that cover Greater Orlando and Sarasota–Manatee.",137,420,21.1,False
/contact/,contact,Contact Opera Concrete & Pavers | Free Estimates,48,Request a free estimate,"Request a free on-site estimate for concrete, pavers, pool decks or artificial turf in Greater Orlando or Sarasota–Manatee. Choose your area and we'll call.",156,193,22.7,False
/process/,page,How a Concrete or Paver Project Works | Opera,45,"How a project runs, from site visit to walkthrough","From site visit to walkthrough: how we measure, scope, permit, demolish, build the base, pour or lay, cure and hand over a Florida hardscape project.",149,457,21.4,False
/privacy/,page,Privacy Policy | Opera Concrete & Pavers,40,Privacy policy,"How Opera Concrete & Pavers collects, uses and protects the information you send through this website's estimate forms.",119,170,18.3,False
/terms/,page,Terms of Use | Opera Concrete & Pavers,38,Terms of use,"Terms for using the Opera Concrete & Pavers website: prices are market ranges, information is general, and estimates follow a site visit.",137,104,17.9,False
/accessibility/,page,Accessibility | Opera Concrete & Pavers,39,Accessibility,"Our commitment to an accessible website: keyboard navigation, readable contrast, text alternatives, and how to tell us about a barrier.",135,77,17.7,False
/thank-you/,plain,Thank You | Opera Concrete & Pavers,35,"Thank you, your request is in",Your estimate request reached Opera Concrete & Pavers. The crew for your area will call to set up a free site visit.,116,47,17.3,True
/404/,plain,Page Not Found | Opera Concrete & Pavers,40,That page isn't here,"This page doesn't exist. Find concrete, paver and turf services, cost guides and service areas from the links below.",116,23,17.2,True
/blog/,index,"Concrete, Paver & Turf Guides for Florida Homes | Opera",55,Guides for Florida homeowners,"Plain-language guides on Florida driveways, pavers, pool decks and artificial turf: cracks, sinking pavers, permits, HOAs, heat, rain and costs.",144,37,17.5,False
/compare/,index,Concrete vs. Pavers and Other Comparisons | Opera,49,Side-by-side comparisons,"Side-by-side comparisons for Florida homes: pavers vs. concrete, stamped vs. pavers, travertine vs. pavers, Cool Deck, sealers, joint sand and turf vs. sod.",156,119,18.4,False
/service-areas/,index,Service Areas: Greater Orlando & Sarasota–Manatee | Opera,57,Where we work,"Every town Opera Concrete & Pavers serves, by county: Orange, Osceola, Seminole, Lake, Polk, Sarasota and Manatee, with local permit and HOA notes.",147,48,17.8,False
/,home,"Concrete & Paver Contractor | Orlando & Sarasota, FL",52,"Concrete driveways, pavers and patios built for Florida ground","Concrete driveways, pavers, pool decks, stamped concrete and turf in Greater Orlando and Sarasota–Manatee. Free on-site estimates and 2026 Florida price ranges.",160,3116,63.8,False
/cost/,price,"Concrete, Paver & Turf Costs in Florida (2026)",46,"What concrete, pavers and turf cost in Florida","2026 Florida price ranges for concrete driveways, pavers, pool decks, stamped concrete, walls and turf, with driveway totals by size and a calculator.",150,1877,43.8,False
/permits/,permit,"Driveway, Patio & Paver Permits in Central & SW Florida",55,Permits and HOA approvals for concrete and pavers,"Do you need a permit for a driveway, patio, pavers or retaining wall? Rules for Orlando, Orange, Seminole, Lake, Sarasota and Manatee, checked October 2026.",156,1085,30.4,False
